"Sanders, Arden &  Sanders, Joy (1996). Wand Tuan Wand Puate: Yumbo Yumbo Buagi Raqe WundAs tok bilong Tok Ples Wand Tuan Kamasau Practical Tri-glot Dictionary. Compiled by Arden & Joy Sanders. Ukarumpa, Papua New Guinea: SIL.",sanders1996a
"Walker, Neil Alexander (2013). A Grammar of Southern Pomo: An Indigenous Language of California. University of California at Santa Barbara. (Doctoral dissertation).",walker2013a
"Hildebrandt, Kristine (2009). Manange vocabulary. [online] In: Haspelmath, Martin & Tadmor, Uri (eds.) The World Loanword Database. Leipzig: Max Planck Institute for Evolutionary Anthropology. Available at: http://wold.clld.org/ [Accessed 18-27 Jan. 2016].",hildebrandt2009a
"Richardson, Larry A. (2007). Puinave. [online] The Intercontinental Dictionary Series. Available at: http://lingweb.eva.mpg.de/ids/ [Accessed 9 Jan. 2016].",richardson2007a
"Maccioni, Antonio (2008) [1732]. Arte y vocabulario de la lengua Lule y Tonocoté. Cagliari: Centro di Studi Filogici Sardi.",maccioni2008a
"Delahaye, Martine (2007). Tehuelche. [online] The Intercontinental Dictionary Series. Available at: http://lingweb.eva.mpg.de/ids/ [Accessed 9 Jan. 2016].",delahaye2007a
"Walton, James W., Walton, Janice P. & Pakky de Buenaventura, Clementina (1997). Diccionario bilingüe: muinane-español ; español-muinane. Santafé de Bogot: Lleras Camargo",walton1997a
"Ritchie Key, Mary (2007). Tsimshian. [online] The Intercontinental Dictionary Series. Available at: http://lingweb.eva.mpg.de/ids/ [Accessed 9 Jan. 2016].; smalgyax.unbc.ca (n.d). [online] Sm’algyax Living Legacy Talking Dictionary. Available at: http://smalgyax.unbc.ca/ [Accessed 25 Aug. 2016].",key2007a
"Thieberger, Nick & McGregor, William (1994). Macquarie Aboriginal words: Maquarie Aboriginal words : a dictionary of words from Australian Aboriginal and Torres Strait Islander languages. North Ryde, N.S.W.: Macquarie Library, Macquarie University",thieberger1994a
"Ritchie Key, Mary (2007). Cavineña. [online] The Intercontinental Dictionary Series. Available at: http://lingweb.eva.mpg.de/ids/ [Accessed 9 Jan. 2016].; Camp, Elizabeth L. & Liccardi, Millicent R. (1989). Diccionario cavineña-castellano, castellano-cavineña, con bosquejo de la gramática cavineña. Dallas: Summer Institute of Linguistics.",key2007b
"Berry, Keith & Berry, Christine (1999). A description of Abun: a West Papuan language of Irian Jaya. (Pacific Linguistics: Series B, 115.) Canberra: Research School of Pacific and Asian Studies, Australian National University.",berry1999a
"Heath, George Reinke & Marx, W. G. (1953). Diccionario Miskito-Español, Español-Miskito. Tegucigalpa, Honduras: Imprenta Calderón.",heath1953a
"Stevenson, Roland C. (2005). Unpublished dictionary of Katcha.; Matsushita, Shuji (1984). A preliminary sketch of Kadugli vocabulary: 1) nouns, numerals, and adjectives. In Tomikawa, Morimichi (ed.), Sudan Sahel studies I, 15-73. Tokyo: Institute for the Study of Languages and Cultures of Asia and Africa, Tokyo University of Foreign Studies.",stevenson2005a
"Nougayrol, Pierre (1989). La langue des aiki dits rounga (Tchad et République Centrafricaine): esquisse descriptive et lexique. (Publ. du Dépt. Languages et Parole en Afrique Central (LAPAC, bl. du Dépt. Languages et Parole en Afrique Central (LAPAC).) Paris: Librairie Orientaliste Paul Geuthner pour la Laboratoire de Langues et Civilisations à Tradition Orale (LACITO).",nougayrol1989a
"Brown, Bob & Team, The Walsa Translation (2008). Diksenari Walsana Moa, Pisinna Moa, Englisna Moa. Ukarumpa: SIL; Brown, Bob (1990). Waris Grammar Sketch.",brown2008a
"Ger P. Reesink (1999). A Grammar of Hatam: Bird's Head Peninsula Irian Jaya. (Pacific Linguistics: Series C, 146.) Canberra: Research School of Pacific and Asian Studies, Australian National University.",reesink1999a
"Ritchie Key, Mary (2007). Itonama. [online] The Intercontinental Dictionary Series. Available at: http://lingweb.eva.mpg.de/ids/ [Accessed 9 Jan. 2016].",key2007c
"Zubiri, Jesús O., Alvarez, José, Jusayú, Miguel A. (2007). Goajiro. [online] The Intercontinental Dictionary Series. Available at: http://lingweb.eva.mpg.de/ids/ [Accessed 9 Jan. 2016].; Captain, David M. & Captain, Linda B. (2005). Diccionario Basico: Ilustrado; Wayuunaiki-Espanol; Espanol-Wayuunaiki. Bogota: Edit. Fundación para el Desarrollo de los Pueblos Marginados.",zubiri2007a
"Powlison, Esther & Powlison, Paul S. (2007). Yagua. [online] The Intercontinental Dictionary Series. Available at: http://lingweb.eva.mpg.de/ids/ [Accessed 9 Jan. 2016].; Powlison, Paul (1995). Diccionario Yagua - Castellano. (Serie Lingüística Peruana, 35.) Serie Lingüística Peruana. Lima: Ministerio de Educación and Instituto Lingüístico de Verano.",powlison2007a
"Harrington, J. (1928). Vocabulary of the Kiowa language. Washington: U.S. G.P.O.",harrington1928a
"Petterson, Robert (1999). Rumu – English – Hiri-Motu Dictionary. (Occasional Paper, 6.) International Pacific College: International Pacific College.; Petterson, Robert G. (1989). Rumu Lexicon. [Manuscript].; Petterson, Robert (1992). Rumu Organised Phonology Data. [Manuscript].",petterson1999a
"de Barral, Basilio M.  (1957). Diccionario Guarao-Español, Español-Guarao. Monografía número 3.; Osborn, Henry A. (1960). Suplamento al Diccionario Guarao-Español. Antropológica 10: 81-85.",barral1957a
"Pardo Rojas, Mauricio (2007). Embera. [online] The Intercontinental Dictionary Series. Available at: http://lingweb.eva.mpg.de/ids/ [Accessed 9 Jan. 2016]. Mortensen, Charles A. (1999). A reference grammar of the northern Embera languages: studies in the languages of Colombia 7. (SIL International and The University of Texas at Arlington Publications in Linguistics, 134.) Dallas: SIL International and The University of Texas at Arlington.",rojas2007a
"Tuggy, John C. (1966). Vocabulario candoshi de Loreto. (Serie Lingüística Peruana, 2.) Yarinacocha: Instituto Lingüístico de Verano.",tuggy1966a
"Lorimer, D. (1938). The Burushaski language, by Lt. Col. D. L. R. Lorimer. Vol. III. Vocabularies and index. Oslo: W. Nygaard",lorimer1938a
"Routamaa, Judy (1994). Kamula grammar essentials.",routamaa1994a
"Payne, Doris L. & Ole-Kotikash, Leonard (2008). Maa Dictionary [online]. http://pages.uoregon.edu/maasai/Maa%20Lexicon/index-english/main.htm [Accessed 1 Feb. 2016].",payne2008a
"Silver, Shirley (1966). The Shasta Language. Berkeley: University of California. Ann Arbor: UMI. (Doctoral dissertation).",silver1966a
"Arthur Holmer, Ph. D. Associate Professor of Linguistics. Dept of Linguistics and Phonetics, Centre for Languages and Literature, Lund University",holmer-a
"Stebbins, Tonya N. & Tayul, J. (2012). Mali (Baining) dictionary: Mali-Baining Amēthamon Angētha Thēvaik. (Asia-Pacific Linguistics Open Access Monographs, 001.) Canberra, ACT: Asia-Pacific Linguistics.",stebbins2012a
"Holt, Dennis (1999). Tol (Jicaque). München: LINCOM Europa",holt1999a
"Bright, William (2007). Karok. [online] The Intercontinental Dictionary Series. Available at: http://lingweb.eva.mpg.de/ids/ [Accessed 9 Jan. 2016].; Garrett, Andrew & Mikkelsen, Line (2013). Ararahih'urípih: A Dictionary and Text Corpus of the Karuk Language. [online] Karuk Dictionary and Texts. Available at: http://linguistics.berkeley.edu/~karuk/project.php [Accessed 8 Aug. 2016].",bright2007a
"Boas, Franz (1904). The Vocabulary of the Chinook Language. American Anthropologist 6. 118-147.; Gibbs, George (1863). Alphabetical vocabulary of the Chinook language. (Shea's library of American linguistics.) New York: Cramoisy Pr.",boas1904a
"Seyoum, Mulugeta (2008). A grammar of Dime. University of Leiden. 178. Utrecht: LOT. (Doctoral dissertation).",seyoum2008a
"Merlan, Francesca (1993). A grammar of Wardaman: a language of the Northern Territory of Australia. Berlin: Mouton de Gruyter",merlan1993a
"Rodman, David & Rodman, Sue (2007). Yuwana. [online] The Intercontinental Dictionary Series. Available at: http://lingweb.eva.mpg.de/ids/ [Accessed 9 Jan. 2016].",rodman2007a
"Barker, M. (1963). Klamath dictionary. Berkeley: University of California Press.",barker1963a
"Gómez Rendón, Jorge A. (2009). Imbabura Quechua vocabulary. [online] In: Haspelmath, Martin & Tadmor, Uri (eds.) The World Loanword Database. Leipzig: Max Planck Institute for Evolutionary Anthropology. Available at: http://wold.clld.org/ [Accessed 18-27 Jan. 2016].; Potosí C., Fabián (2009). Yachakukkunapa Shimiyuk Kamu: Runa Shimi-Mishu Shimi, Kichwa-Castellano, Mishu Shimi-Runa Shimi, Castellano-Kichwa. Ecuador: Ministerio de Educación.",rend2009a
"Munro, Pamela, Brown, Nellie & Crawford, Judith G. (1992). A Mojave dictionary. (UCLA occasional papers in linguistics, 10.) Los Angeles: Linguistics Department, University of California.",munro1992a
"Ashrif, M.I. & Sidibe, B. (1965). English-Mandinka dictionary. Bathurst: Government Printing House.",ashrif1965a
"Callaghan, C. (1987). Northern Sierra Miwok dictionary. Berkeley: University of California Press.",callaghan1987a
"Peckham, N. (1991). Farir Mairas naʼatuei. Irian Jaya, Indonesia: Universitas Cenderawasih.",peckham1991a
"Layme Pairumani, Félix (2007). Aymara. [online] The Intercontinental Dictionary Series. Available at: http://lingweb.eva.mpg.de/ids/ [Accessed 9 Jan. 2016].; Layme Pairumani, Félix (2002). Diccionario Biligüe: Castellano-Aymara [online]. Available at: http://www.aymara.ucb.edu.bo/html/diccionario/dicframe.html [Accessed 25 Aug. 2016].",pairumani2007a
"Jones, L., Paai, Z. & Paai, Y. (1989). Ayao Yawa mo mona nanentabo ranugan =. Irian Jaya, Indonesia: Program Kerjasama UNCEN-SIL, Universitas Cendarawasih.",jones1989a
"Wangka Maya Pilbara Aboriginal Language Centre (2008). Ngarluma dictionary : English-Ngarluma wordlist and topical wordlists. Wangka Maya Pilbara Aboriginal Language Centre.",centre2008a
"Keegan, John M. & Koutou, Kodé (2014). Na-French Dictionary with Introduction in English. Cuenca: Morkeg Books.",keegan2014a
"Comrie, Bernard & Khalilov, Madzhid (2009). Bezhta vocabulary. [online] In: Haspelmath, Martin & Tadmor, Uri (eds.) The World Loanword Database. Leipzig: Max Planck Institute for Evolutionary Anthropology. Available at: http://wold.clld.org/ [Accessed 18-27 Jan. 2016].; van den Berg, Helma (2004). The East Caucasian language family. Lingua 115:147–190.",comrie2009a
"Abbi, A. (2012). Dictionary of the great Andamanese language. Delhi: Ratna Sagar.; Yadav, Yogendra (1985). Great Andamanese: A preliminary study. In: David Bradley (ed.), Papers in South-East Asian linguistics No. 9: Language Policy, language planning and sociolinguistics in South-East Asia, 185-214. Canberra, Australia: Canberra: Research School of Pacific and Asian Studies, Australian National.",abbi2012a
"Kaliai, M.H.J. (1964). Nembe-English dictionary 2nd edition. Inst. of African Studies (IAS), Univ. of Ibadan.",kaliai1964a
"Rich, Rolland (1999). Diccionario Arabela-Castellano. (Serie Lingüística Peruana, 49.) SLP. Lima, Peru: Instituto Lingüístico de Verano.",rich1999a
"Parks, D. & Pratt, L. (2008). A dictionary of Skiri Pawnee. Lincoln: University of Nebraska Press in cooperation with the American Indian Studies Research Institute, Indiana University.",parks2008a
"Sawyer, Jesse O. (1965). English-Wappo vocabulary. Berkeley: Univ. of Calif. Pr.; Radin, Paul (1929). A grammar of the Wappo language. University of California Publications in American Archaeology and Ethnology 27:1-194",sawyer1965a
"Ratliff, Martha (2009). White Hmong vocabulary. [online] In: Haspelmath, Martin & Tadmor, Uri (eds.) The World Loanword Database. Leipzig: Max Planck Institute for Evolutionary Anthropology. Available at: http://wold.clld.org/ [Accessed 18-27 Jan. 2016].; Heimbach, Ernest E. (1969). White Meo–English Dictionary. (Cornell University Southeast Asia Program, Data paper, 75 <Linguistics series>, 4.) Ithaca: Cornell Southeast Asia Program.",ratliff2009a
"Ritchie Key, Mary (2007). Kaingáng. [online] The Intercontinental Dictionary Series. Available at: http://lingweb.eva.mpg.de/ids/ [Accessed 9 Jan. 2016].; Wiesemann, Ursula (1971). Dicionario Kaingáng-Português, Português-Kaingáng. Rio de Janeiro: FUNAI/ SIL.",key2007d
"Turner, Paul & Turner, Shirley (1971). Chontal to Spanish–English, Spanish to Chontal Dictionary. Tucson: The University of Arizona Press. ",turner1971a
"Herranz Herranz, Atanasio (1984). El léxico del habla de Guajiquiro, Honduras. Madrid: Universidad Complutense. (MA thesis).; Arguedas Cortés, Gilda Rosa (1988). Los Fonemas Segmentales del Protolenca: Reconstrucción Comparativa. Filología y lingüística XIV.",herranz1984a
"Briggs, Janet R. (2007). Ayoreo. [online] The Intercontinental Dictionary Series. Available at: http://lingweb.eva.mpg.de/ids/ [Accessed 9 Jan. 2016].",briggs2007a
"Blythe, Joseph (2001). Yuwurriyangem Kijam: a Phrasebook of the Kija Language. (A Phrasebook of the Kija Language.) Halls Creek: Kimberley Language Resource Centre.",blythe2001a
"Lathrop, Maxwell (2007). Vocabulario del Idioma Purépecha. Tlalpan, D.F., México: Instituto Lingüístico de Verano, A.C.",lathrop2007a
"Epps, Patience (2009). Hup vocabulary. [online] In: Haspelmath, Martin & Tadmor, Uri (eds.) The World Loanword Database. Leipzig: Max Planck Institute for Evolutionary Anthropology. Available at: http://wold.clld.org/ [Accessed 18-27 Jan. 2016].; Frank, Paul S., Erickson, Timothy & Erickson, Catherine (1993). Vocabulario jupda-español-português. Bogotá: Asociación Instituto Lingüístico de Verano.",epps2009a
"Künnap, Ago & Kuusk, Margit (2007). Estonian. [online] The Intercontinental Dictionary Series. Available at: http://lingweb.eva.mpg.de/ids/ [Accessed 9 Jan. 2016]. Moseley, Christopher (2008). Colloquial Estonian. New York: Routledge.",kuennap2007a
"Uldall, Hans Jørgen & Shipley, William (1966). Nisenan texts and dictionary. Berkeley: Univ. of California Press.; Kroeber, Alfred L. 1929. The Valley Nisenan. University of California Publications in American Archaeology and Ethnology 24:253-290.; Eatough, Andrew (1999). Central Hill Nisenan texts with grammatical sketch. Berkeley: University of California Press. https://books.google.se/books?id=J7DuSmi_Z4AC&printsec=frontcover#v=onepage&q&f=false",uldall1966a
"Halloran, John A. (2009). Sumerian Lexicon Version 3.0. https://www.sumerian.org/sumerlex.htm; Tinney, Steve (2006). Pennsylvania Sumerian Dictionary Project [online]. Available at: http://psd.museum.upenn.edu/epsd/ [Accessed 1 Feb. 2016].",halloran2009a
"Olawsky, Knut (2006). A Grammar of Urarina. (Mouton Grammar Library, 37.) Berlin, New York: Berlin: Mouton de Gruyter.",olawsky2006a
"Visser, Eline (2016). A grammar sketch of Kalamang with a focus on phonetics and phonology. Master's thesis. Department of Linguistics and Scandinavian Studies, University of Oslo.",visser2016a
"Ahland, Colleen Anne (2012). A grammar of Northern and Southern Gumuz. University of Oregon. (Doctoral dissertation).",ahland2012a
"Peiros, Ilya (2013). Thai (Dialect Korat). [online] The Intercontinental Dictionary Series. Available at: http://lingweb.eva.mpg.de/ids/ [Accessed 9 Jan. 2016].; Smyth, David (2002). Thai: an essential grammar. London: Routledge.",peiros2013a
"Anceaux, Johannes Cornelis (1965). The Nimboran language: phonology and morphology. (Verhandelingen van het Koninklijk Instituut voor Taal-, Land- en Volkenkunde, 44.) The Hague: 'S-Gravenhage: Nijhoff.",anceaux1965a
"Lanyon-Orgill, Peter A. (1944). A dictionary of the Mailu language edited and enlarged from the researches of the Rev. W. J. V. Saville and the Comte d'Argigny by Peter A. Lanyon-Orgill with a foreword by Ernst Schwazenburg. London: Luzac.",lanyon-orgill1944a
"Cowell (2012). Dictionary of the Arapaho Language, Fourth Edition. Northern Arapaho Tribe, Ethete, Wyoming.; Conathan, Lisa (2006). English-Arapaho dictionary. [Draft].; Salzmann, Zdenek, Northern Arapaho Tribe & Anderson Jeffrey (1998). Dictionary of the Northern Arapaho Language [online]. http://www.colorado.edu/csilw/newarapproj2.htm [Accessed 1 Feb. 2016].",cowell2012a
"Beam, Mary S. & Cridland, Elizabeth A. (1970). Uduk-English Dictionary. (Linguistics Monograph Series, 4.) Khartoum: Sudan Research Unit, University of Khartoum.",beam1970a
"Morgan, Frank, Lizarralde, Manuel & Lizarralde, Roberto (2007). Barí. [online] The Intercontinental Dictionary Series. Available at: http://lingweb.eva.mpg.de/ids/ [Accessed 9 Jan. 2016].",morgan2007a
"Savà, Graziano & Tosco, Mauro (2000). A Sketch of Ongota: A Dying Language of Southwestern Ethiopia. Studies in African Linguistics 29. 59-135.",sav2000a
"Murane, John & Murane, Elizabeth (2007). Daga-English dictionary.",murane2007a
"Tremaine, Sheila (2007). Dicionario Rikbaktsa-Portugues, Portugues-Rikbaktsa. Cuiabá: Assoc. Internacional de Lingüística - SIL Brasil.",tremaine2007a
"Slocum, M., Gerdel, F. & Seibert, E. (1983). Diccionario páez-español, español-páez. Lomalinda, Meta, República de Colombia: Editorial Townsend.; Gerdel, Florence L. (2007). Páez. [online] The Intercontinental Dictionary Series. Available at: http://lingweb.eva.mpg.de/ids/ [Accessed 9 Jan. 2016].",slocum1983a
"Grant, Anthony (1995). John Milhaus 1856 Hanis Coos Vocabularies: Coos Dialectology and Philology. Survey of California and other Indian Languages 9.",grant1995a
"Tharp, Douglas (1996). Sulka grammar essentials. In John M. Clifton (ed.), Two non-Austronesian grammars from the islands, 77-179. Ukarumpa: Summer Institute of Linguistics.",tharp1996a
"Everett, Daniel Leonard (1983). A lingua piraha e a teoria da sintaxe. Universidade Estadual de Campinas. (Doctoral dissertation).",everett1983a
"Schneider-Blum, G. (2013). A Tima-English Dictionary. Cologne: Rüdiger Köppe Verlag.",schneider-blum2013a
"Weidman de Kondo, Riena & Kondo, Víctor (2014). Diccionario Bilingüe: Guahibo-Español, Español-Guahibo. (El Guahibo Hablado, III.) SIL International.",kondo2014a
"Popovich, Harold A. & Popovich, Frances B. (2005). Maxakalí-English Dictionary: English Maxakalí Glossary. Cuiabá: Sociedade Internacional de Lingüística.",popovich2005a
"Corris, Miriam (2005). A grammar of Barupu, a language of Papua New Guinea. University of Sydney.  (Doctoral disseration).",corris2005a
"Benishangul-Gumuz Language Development Project and SIL Ethiopia (2007). Bertha-English-Amharic Dictionary. Addis Ababa: SIL Ethiopia.; Neudorf, Susanne (2016). Phonology of Berta. SIL International.",project2007a
"Wichmann, Søren & Hull, Kerry (2009). Q'eqchi' vocabulary. [online] In: Haspelmath, Martin & Tadmor, Uri (eds.) The World Loanword Database. Leipzig: Max Planck Institute for Evolutionary Anthropology. Available at: http://wold.clld.org/ [Accessed 18-27 Jan. 2016].",wichmann2009a
"Shaul, David Leedom (1995). The Huelel (Esselen) Language. International Journal of American Linguistics 61.",shaul1995a
"Hays, Darrell & Hays, Kerttu (2002). Odoodee Grammar Essentials.",hays2002a
"Trà̂n, H. & Norris, C. (2004). Vietnamese-English, English-Vietnamese dictionary & phrasebook. New York: Hippocrene Books.; Alves, Mark (2009). Vietnamese vocabulary. [online] In: Haspelmath, Martin & Tadmor, Uri (eds.) The World Loanword Database. Leipzig: Max Planck Institute for Evolutionary Anthropology. Available at: http://wold.clld.org/ [Accessed 18-27 Jan. 2016].",tr2004a
"Vodozhdokova, H.D. (1960). Русско-адыгейский словарь. Около 33000 слов= Russko-adygeyskiy slovar'. Moscow; The Republic of Adygeya (2016). Circassian dictionary, Адыгабзэ, Chemguy (Temirgoy) dialect [online]. Available at: http://adygeya-republic.info/en/the-circassian-language/circassian-dictionary/ [Accessed 1 Feb. 2016].",vodozhdokova1960a
"Henderson, James E. & Henderson, Anne (1987). Rossel language, Milne Bay Province: Rossel to English, English to Rossel. (Dictionaries of Papua New Guinea, 9.) Ukarumpa: Summer Institute of Linguistics.; Henderson, James (1995). Phonology and Grammar of Yele, Papua New Guinea. (Pacific Linguistics: Series B, 112.) Canberra: Research School of Pacific and Asian Studies, Australian National University.",henderson1987a
"Dutton, Tom (2003). A Dictionary of Koiari, Papua New Guinea: with grammar notes. (Pacific Linguistics, 534.) Canberra: Research School of Pacific and Asian Studies, Australian National University.",dutton2003a
"Powell, J. and Woodruff, F. (1976). Quileute dictionary. [Moscow]: [University of Idaho].",powell1976a
"Wiebe, Neil & Wiebe, Ruth (2007). Cayapa. [online] The Intercontinental Dictionary Series. Available at: http://lingweb.eva.mpg.de/ids/ [Accessed 9 Jan. 2016].; Lindskoog, John N. & Lindskoog, Carrie A. (1964). Vocabulario Cayapa. (Serie de Vocabularios Indígenas, 9.) Quito, Ecuador: Instituto Lingüístico de Verano.",wiebe2007a
"Gatschet, A. & Swanton, J. (1932). A dictionary of the Atakapa language, accompanied by text material. [With a portrait of A.S. Gatschet.]. Washington.",gatschet1932a
"University of Wisconsin Green Bay (2006). Oneida Language Tools [online]. http://www.uwgb.edu/oneida/index.html [Accessed 1 Feb. 2016].",wisconsin2006a
"Ritchie Key, Mary (2007). Cayuvava. [online] The Intercontinental Dictionary Series. Available at: http://lingweb.eva.mpg.de/ids/ [Accessed 9 Jan. 2016].",key2007e
"Majewicz, Alfred F. & Majewicz, Elżbieta (1986). An Ainu-English index-dictionary to B. Piłsudski's Materials for the study of the Ainu language and folklore of 1912. Poznań: UAM; Endo, Shiho & Bugaeva, Anna (2010). Dictionary. [online] A talking dictionary of Ainu: a new version of Kanazawa’s Ainu conversational dictionary. Available at: http://lah.soas.ac.uk/projects/ainu/index.html [Accessed 1 Feb. 2016].; Hattori, Shirô (red.) (1964). An Ainu dialect dictionary: with Ainu, Japanese and English indexes = Ainu-go hōgen jiten. Tokyo: Iwanami Shoten",majewicz1986a
"firstvoices.com (2000). Kwak̓wala [online]. FirstVoices. Available at: http://www.firstvoices.ca/en/Kwakwala/words",firstvoices2000a
"Klamer, Marian & Sir, Amos (2011). Kosakata Bahasa Teiwa-Indonesia-Inggris. Kupang: Language and Culture Unit UBB; Klamer, M. (2010). A grammar of Teiwa. Berlin: De Gruyter Mouton.",klamer2011a
"Cueva, L. & Adam, L. (1893). Principes et dictionnaire de la langue yuracare ou yurujure. Paris: J. Maisonneuve",cueva1893a
"de Sousa, Hilário (2006). The Menggwa Dla language of New Guinea. University of Sydney. Sydney. (Doctoral dissertation).",sousa2006a
"Olmsted, D. (1966). Achumawi dictionary. Berkeley and Los Angeles: University of California Press.",olmsted1966a
"Pérez Diez, Andrés A. (2007). Mosetén. [online] The Intercontinental Dictionary Series. Available at: http://lingweb.eva.mpg.de/ids/ [Accessed 9 Jan. 2016].; Sakel, Jeanette (2004). A Grammar of Mosetén. (Mouton Grammar Library, 33.) Berlin, New York: Berlin: Mouton de Gruyter.",diez2007a
"Jacobsen, Jr., W. H. (1964). A Grammar of the Washo Language. Berkeley: University of California. University of California at Berkeley Dissertation. (dissertation, University of California, Berkeley.)",jacobsen1964a
"Borman, M. (1976). Vocabulario cofán. Quito, Ecuador: Instituto Lingüístico de Verano en cooperación con el Ministerio de Educación Pública.; Borman, M. Bub (2007). Cofán. [online] The Intercontinental Dictionary Series. Available at: http://lingweb.eva.mpg.de/ids/ [Accessed 9 Jan. 2016].",borman1976a
"Ahland, Michael Bryan (2012). A grammar of Northern Mao (Màwés Aas'è). University of Oregon. (Doctoral dissertation).",ahland2012b
"Vogel, Alan (2006). Jarawara-English dictionary. Cuiab: Sociedade Internacional de Lingüística.",vogel2006a
"Olson, Frances & Olson, Ronald D. (2007). Chipaya. [online] The Intercontinental Dictionary Series. Available at: http://lingweb.eva.mpg.de/ids/ [Accessed 9 Jan. 2016].",olson2007a
"Eather, Bronwyn (2001). Na-Kara Dictionary: First Draft Only.; Anonymous (n.d.). Maningrida-spelling-charts. CALL: Centre for Australian Languages and Linguistics. http://call.batchelor.edu.au/.",eather2001a
"Geurtjens, Hendrik (1933). Marindineesch-Nederlandsch Woordenboek. Verhandelingen van het Koninklijk Bataviaasch Genootschap van Kunsten en Wetenschappen, 71 ,5. Bandoeng: Nix.",geurtjens1933a
"Burtch, Shirley (1983). Diccionario huitoto murui. (Serie Lingüística Peruana, 20.) Yarinacocha: Ministerio de Educación and Instituto Lingüístico de Verano. 262pp. (vol 1: Huitoto Murui - Castellano ; vol 2: Castellano - Huitoto Murui).",burtch1983a
"Guerra Eissmann, Ana María (2007). Yagán. [online] The Intercontinental Dictionary Series. Available at: http://lingweb.eva.mpg.de/ids/ [Accessed 9 Jan. 2016].; Bridges, Thomas (1933). A dictionary of the speech of Tierra del Fuego. St. Gabriel bei Mölding: Anthropos-Institut.",guerra2007a
"Visser, Leontine Elisabeth & Voorhoeve, Clemens Lambertus (1987). Sahu-Indonesian-English dictionary and Sahu grammar sketch. Dordrecht: Foris",visser1987a
"Everett, D. & Kern, B. (1997). Wari. London: Routledge.",everett1997a
"Swain, Carole (2007). Ninam (Shirishana). [online] The Intercontinental Dictionary Series. Available at: http://lingweb.eva.mpg.de/ids/ [Accessed 9 Jan. 2016].",swain2007a
"lexin2.nada.kth.se (2016). Lexin – ett samarbete mellan Institutet för språk och folkminnen och Kungliga tekniska högskolan. [online] Available at: http://lexin2.nada.kth.se/lexin/ [Accessed 3 Mar. 2016].; Cambridge Dictionaries Online (2016). А Cambridge Learner's Dictionary, English-Turkish [online]. http://dictionary.cambridge.org/dictionary/turkish/ [Accessed 1 Feb. 2016].",lexin2016a
"Haas, M. (1953). Tunica dictionary. Berkeley: University of California Press",haas1953a
"Coate, H. H. J. & Elkin, A. P. (1974). Ngarinjin-English dictionary. (Oceania Linguistic Monograph, 16.) Sydney: University Of Sydney.",coate1974a
"Kreger, Stairs, Albert, Glenn & Scharfe de Stairs, Emily Florence (1981). Diccionario huave de San Mateo del Mar. (Vocabularios (y Diccionarios) Indígenas ""Mariano Silva y Aceves"", 24.) Serie de Vocabularios y Diccionarios Indígenas Mariano Silva y Aceves. México: Instituto Lingüístico de Verano.",kreger1981a
"Park, Kyubyong (2015). Tuttle Korean Dictionary. Hong Kong: Tuttle Publishing.",park2015a
"Harrison, Roy, Harrison, Margaret & García Hernández, Cástulo (1981). Diccionario Zoque de Copainalá. (Serie de Vocabularios y Diccionarios Indígenas Mariano Silva y Aceves, 23.) México: Instituto Lingüístico de Verano.",harrison1981a
"Sapir, E. & Swadesh, M. (1960). Yana dictionary. Berkeley: University of California Press.",sapir1960a
"Westrum, Peter N., Westrum, Susan, Songkilawan, Deetje, & Sowenso, Paulus (1986). Ol unggwanfer Berik olem = Perbendaharaan kata bahasa Berik = Berik vocabulary. (Publikasi khusus bahasa-bahasa daerah, seri B, 1.) Universitas Cenderawasih / SIL.",westrum1986a
"Dol, Philomena Hedwig (2007). A grammar of Maybrat: a language of the Bird's Head Peninsula, Papua Province, Indonesia. Canberra: Pacific Linguistics.; Elmberg, John-Erik (1968). Balance and circulation: aspects of tradition and change among the Mejprat of Irian Barat. Diss. Stockholm : Univ.; Kafiar, August, Ajamiseba, Daniel C. & Silzer, Peter J. (1989). Aam ro Mai Brat = Perbendaharaan kata Bahasa Mai Brat = Mai Brat vocabulary. (Publikasi khusus bahasa-bahasa daerah, seri B, 3.) Jayapura: Cenderawasih University and SIL.",dol2007a
"Unruh, Ernesto & Kalisch, Hannes (2007). Sanapaná Dialect Enlhet. [online] The Intercontinental Dictionary Series. Available at: http://lingweb.eva.mpg.de/ids/ [Accessed 9 Jan. 2016].; Silva Gomes, Antonio Almir (2013). Sanapaná uma língua Maskoy: Aspectos gramaticais. Campinas: Universidade Estadual de Campinas.",unruh2007a
"Laycock, D. & Onishi, M. (2003). A dictionary of Buin, a language of Bougainville. Canberra, ACT: Pacific Linguistics, Research School of Pacific and Asian Studies, the Australian National University.",laycock2003a
"Harvey, Mark (2001). A Grammar of Limilngan: A Language of the Mary River region Northern Territory Australia. (Pacific Linguistics, 516.) Canberra: Research School of Pacific and Asian Studies, Australian National University.",harvey2001a
"Heine, Bernd & Carlin, Eithne (2010). A dictionary of So, a Nilo-Saharan language of NE Uganda. [Draft circulated for comment]",heine2010a
"Tripp, R. (1995). Diccionario amarakaeri-castellano. Perú: Ministerio de Educación, Instituto Lingüístico de Verano.",tripp1995a
"Dickens, P. (1994). English-Ju|'hoan Ju|'hoan-English dictionary. Köln: Köppe.",dickens1994a
"León, Nicolás (1903). Vocabulario en lengua Cuitlateca de Totolapam. Anales del Museo Nacional: 1a época 7.; Escalante, Roberto (1962). El Cuitlateco. (Publicaciones/Instituto Nacional de Antropología, 9.) México: Instituto Nacional de Antropología e Historia. (visible via https://es.wikipedia.org/wiki/Idioma_cuitlateco).",le1903a
"Bradshaw, Robert L. (2012). Doromu-Koki grammar sketch. (Data Papers in Papua New Guinea Languages, 58.) Ukarumpa: SIL-PNG Academic Publications.",bradshaw2012a
"Clairis, Christos & Viegas Barros, José P. (2007). Qawasqar. [online] The Intercontinental Dictionary Series. Available at: http://lingweb.eva.mpg.de/ids/ [Accessed 9 Jan. 2016].; Aguilera, F. & Oscar, E. (1978). Léxico Kawesqar-Español, Español-Kawesqar (Alacalufe septentrional). Boletín de filología (Universidad de Chile, Facultad de Filosofía y Letras) 29.",clairis2007a
"Orta Adaw Madal, H., Omer Yousif, A., Adin Hamid Ateeb, S. & Karaka Farajalla Yasin, A. (2004). Gaahmg-English Dictionary.; Stirtz, Timothy (2012). A grammar of Gaahmg, a Nilo-Saharan language of Sudan. Rijksuniversiteit te Leiden. (Doctoral dissertation).",orta2004a
"Vajda, Edward & Nefedov, Andrey (2009). Ket vocabulary. [online] In: Haspelmath, Martin & Tadmor, Uri (eds.) The World Loanword Database. Leipzig: Max Planck Institute for Evolutionary Anthropology. Available at: http://wold.clld.org/ [Accessed 18-27 Jan. 2016].",vajda2009a
"Berlitz (2003). Japanese Phrase Book & Dictionary. Singapore: Berlitz.; Schmidt, Christopher K. (2009). Japanese vocabulary. [online] In: Haspelmath, Martin & Tadmor, Uri (eds.) The World Loanword Database. Leipzig: Max Planck Institute for Evolutionary Anthropology. Available at: http://wold.clld.org/ [Accessed 18-27 Jan. 2016].",berlitz2003a
"Whitby, C. (1990). Dadibi, Tok Pisin, English. Ukarumpa, Eastern Highlands Province, Papua New Guinea: SIL Print. Dept.; MacDonald, Georgetta & MacDonald, George E. (1974). Dadibi phonology. In Richard Loving (ed.), Phonologies of four Papua New Guinea languages, 129-158. Ukarumpa: Summer Institute of Linguistics.",whitby1990a
"Monod-Becquelin, Aurore (2007). Trumai. [online] The Intercontinental Dictionary Series. Available at: http://lingweb.eva.mpg.de/ids/ [Accessed 9 Jan. 2016].; Guirardello, Raquel (1999). A Reference Grammar of Trumai. Houston: Rice University. Houston, TX: Rice Univ.",monod-becquelin2007a
"Wipio Deicat, Gerardo (2007). Aguaruna. [online] The Intercontinental Dictionary Series. Available at: http://lingweb.eva.mpg.de/ids/ [Accessed 9 Jan. 2016].; Wipio Deicat, Gerardo (1996). Diccionario: Aguaruna-Castellano, Castellano-Aguaruna. (Serie Lingüística peruana, 39.) Serie Lingüística Peruana. Lima: Ministerio de Educación/ ILV: Lima, Perú: Inst. Lingüístico de Verano.",deicat2007a
"Barnes, Janet (2007). Tuyuca. [online] The Intercontinental Dictionary Series. Available at: http://lingweb.eva.mpg.de/ids/ [Accessed 9 Jan. 2016].; Barnes, Janet (2012). Diccionario Bilingüe Tuyuca-Español, Español-Tuyuca. Bogotá, Colombia: Fundación para el Desarrollo de los Pueblos Marginados.",barnes2007a
"Reinisch, Leo (1874). Sprachen von Nord-Ost-Afrika. Bd 1, Die Barea-Sprache : Grammatik Text und Wörterbuch. Wien:",reinisch1874a
"Benaissa, Taik (1991). Vocabulario Sáliba-Español Español-Sáliva. Lomalinda, Meta, Colombia: Editorial Alberto Lleras Camargo.",benaissa1991a
"Hangin, J. (1970). A concise English-Mongolian dictionary. Bloomington: Indiana University.",hangin1970a
"Loeweke, Eunice & May, Jean (1981). Fasu Namo Me dictionary. [Manuscript]",loeweke1981a
"Arthur Holmer, Ph. D. Associate Professor of Linguistics. Dept of Linguistics and Phonetics, Centre for Languages and Literature, Lund University; Coyos, Jean-Baptiste (2007). Basque. [online] The Intercontinental Dictionary Series. Available at: http://lingweb.eva.mpg.de/ids/ [Accessed 9 Jan. 2016].; Morris, Mikel (2003). [online] Morris Student Plus Dictionary. Available at: http://www1.euskadi.net/morris/dictionary.htm [Accessed 25 Aug. 2016].",holmer2007a
"Hashimoto, K. (2008). Ata-English dictionary. Ukarumpa, Papua New Guinea: S.I.L.; Hashimoto, Chiyoko, Hashimoto, Kazuo & Kume, Nozomi (2008). Ata Organised Phonology Data. [Manuscript].",hashimoto2008a
"Galloway, B. (2009). Dictionary of upriver Halkomelem. Berkeley: University of California Press.",galloway2009a
"Hart, George & Hart, Helen L. (2008). Vocabulario chayahuita. (Datos Etno-Lingüísticos, 7.) Lima: Instituto Lingüístico de Verano.",hart2008a
"Estrada Fernández, Zarina (2009). Yaqui vocabulary. [online] In: Haspelmath, Martin & Tadmor, Uri (eds.) The World Loanword Database. Leipzig: Max Planck Institute for Evolutionary Anthropology. Available at: http://wold.clld.org/ [Accessed 18-27 Jan. 2016].; Estrada Fernández, Zarina (2004). Diccionario yaqui-español y textos: obra de preservación lingüística. Hermosillo, Sonora: Univ. de Sonora, Div. de Humanidades y Bellas Artes.",fern2009a
"Coronas Urzúa, Gabriela (1995). El lexico de la lengua andaquí. Revista de Filología y Lingüística de la Universidad de Costa Rica 21. pp. 79-113.; Coronas Urzúa, Gabriela (1994). Análisis Fonológico de la lengua Andaquí. Revista de Filología y Lingüística de la Universidad de Costa Rica 20.",urz1995a
"Heath, J. (1982). Nunggubuyu dictionary. Canberra: Australian Institute of Aboriginal Studies.",heath1982a
"Ambia, Adrian, Sisikila, Giot & Wilson, Patricia R. (1991). Ambulas-Wosera-Mamu dictionary: Wosera-Mamu, Tok Pisin, English. [Manuscript].; Ambu, Anton, Kerry, Andrew, Yuanigi, Nix & Wilson, Patricia R. (1992). Ambulas-Wingei dictionary: Wingei, Tok Pisin, English. [Manuscript].; Bakandu, Neiman & Wilson, Patricia R. (1990). Ambulas Wosera-Kamu-J dictionary: Wosera-Kamu-J, Tok Pisin, English. [Manuscript].; Kundama, John, Sapayé, Adéru & Wilson, Patricia R. (1987). Ambulas dictionary. [Manuscript].; Wilson, Patricia R. (1998). Ambulas-Wosera-Kamu-K dictionary. [Manuscript].",ambia1991a
"Wilson, Stephen (2001). Dictionary [online]. The Wagiman online dictionary. Available at: http://sydney.edu.au/arts/linguistics/research/wagiman/home.html [Accessed 1 Feb. 2016].",wilson2001a
"Cowan, H. K. J. (1965). Grammar of the Sentani Language with Specimen Texts and Vocabulary. (Verhandelingen van het Koninklijk Instituut voor Taal-, Land- en Volkenkunde, 47.) The Hague: Martinus Nijhoff.",cowan1965a
"Natchez Nation (2016). Natchez Nation. [online] http://www.natcheznation.com/Language.html [Accessed 1 Feb. 2016].",nation2016a
"Carr, Chris & Carr, Phil (2011). Bamu Dictionary.; Anonymous (2011). Bamu Organised Phonology Data. [Manuscript].",carr2011a
"Hewett, Heather, Dineen, Anne, Stainsby, David & Field, Robin (2013). Maung-English Interactive Dictionary. [online] Australian Society for Indigenous Languages. Available at: http://ausil.monsoonhub.org/node/3717 [Accessed 1 Feb. 2016].",hewett2013a
"Peeke, M. Catherine (2007). Waorani. [online] The Intercontinental Dictionary Series. Available at: http://lingweb.eva.mpg.de/ids/ [Accessed 9 Jan. 2016].; Peeke, M. Catherine (1968). Preliminary grammar of Auca (Ecuador). Indiana University.",peeke2007a
"Mushin, Ilana (2012). A grammar of (Western) Garrwa. (Pacific Linguistics, 637.) Berlin, Boston: Berlin: De Gruyter Mouton.",mushin2012a
"Dávalos de Céspedes, Celsa & Krivoshein de Canese, Natalia (2007). Guaraní. [online] The Intercontinental Dictionary Series. Available at: http://lingweb.eva.mpg.de/ids/ [Accessed 9 Jan. 2016].; Ramírez, Gilbert & Lustig, Wolf (1996). Ñe'êndy: Interactive Guarani Dictionary [online]. Available at: http://www.uni-mainz.de/cgi-bin/guarani2/dictionary.pl  [Accessed 25 Aug. 2016].",c2007a
"Lindström, Eva (2002). Topics in the grammar of Kuot a non-Austronesian language of New Ireland, Papua New Guinea: a non-Austronesian language of New Ireland, Papua New Guinea. University of Stockholm. Stockholm: Univ. (Doctoral dissertation).",lindstroem2002a
"van der Voort, Hein (2004). A Grammar of Kwaza. (Mouton Grammar Library, 29.) Berlin, New York: Berlin: Mouton de Gruyter.",voort2004a
"Starostin, George (2003). Khoekhoe etymology. Unpublished.",starostin2003a
"Kennell, Jr., Gerald R. (2007). Catuquina. [online] The Intercontinental Dictionary Series. Available at: http://lingweb.eva.mpg.de/ids/ [Accessed 9 Jan. 2016].",kennell2007a
"Lakota Language Consortium (2008). Lakota Dictionary Online [online]. http://lakotadictionary.org/nldo.php [Accessed 14 Mar. 2016].; Michaels, Èlan (2006). Lakota Lexicon [online]. http://www.barefootsworld.net/lakotalexicon.html [Accessed 14 Mar. 2016].",consortium2008a
"Price, Jana (2007). Panare. [online] The Intercontinental Dictionary Series. Available at: http://lingweb.eva.mpg.de/ids/ [Accessed 9 Jan. 2016].; Payne, Thomas E. & Payne, Doris L. (2013). A Typological Grammar of Panare: A Cariban Language of Venezuela. (Brill's Studies in the Indigenous Languages of the Americas.) Leiden: Brill.",price2007a
"Geary, Elaine (1977). Kunimaipa grammar: Morphophonemics to discourse. (Workpapers in Papua New Guinea Languages, 23.) Ukarumpa: Summer Institute of Linguistics.",geary1977a
"Jakobi, Angelika (1990). A Fur grammar: phonology, morphophonology and morphology. (Nilo-Saharan, 5.) Hamburg: Helmut Buske Verlag.",jakobi1990a
"Worth, Dean S. (1969). Dictionary of Western Kamchadal. (University of California publications in linguistics, 59.) Berkeley: Univ. of California Press.",worth1969a
"Blench, Roger M. (2006). A dictionary of the Moro language of the Nuba Hills, Sudan. Mallam Dendo.",blench2006a
"Taksami, Čuner M. (1983). Slovar' Nivxsko-russkij i Russko-Nivxskij: Okolo 4000 slov. Leningrad: Leningrad Prosveščenie.; Luukkonen, Juha (‎2016). Variation of Consonant Mutation in Nivkh. Master’s Thesis. University of Helsinki.; Pedersen, Tomas T. (2002). Transliteration of Non-Roman Scripts: Nivkh. ",taksami1983a
"Firchow, Irwin B. & Firchow, Jacqueline (2008). Rotokas - English dictionary.; Firchow, Irwin, Firchow, Jacqueline & Akoitai, David (1973). Vocabulary of Rotokas-Pidgin-English. Ukarumpa, P.N.G.: Summer Institute of Linguistics.",firchow2008a
"Reid, A. & Bishop, R. (1974). Diccionario totonaco de Xicotepec de Juárez, Puebla. México, D.F.: Publicado por el Instituto Lingüístico de Verano en coordinación con la Secretaría de Educación Pública a través de la Dirección General de Educación Extraescolar en el Medio Indígena.",reid1974a
"Dyck, Merrill & Dyck, Teresa A. (2007). Yaruro. [online] The Intercontinental Dictionary Series. Available at: http://lingweb.eva.mpg.de/ids/ [Accessed 9 Jan. 2016].",dyck2007a
"Lee, Jenny (2013). Tiwi-English Interactive Dictionary Edition 2 [online]. Australian Society for Indigenous Languages. Available at: http://ausil.monsoonhub.org/node/3717 [Accessed 1 Feb. 2016].",lee2013a
"Hellenthal, Anneke Christine (2010). A grammar of Sheko. Universiteit Leiden. (Doctoral dissertation).",hellenthal2010a
"Victor, C. (2004). Tamil-English, English-Tamil dictionary & phrasebook. New York: Hippocrene Books.",victor2004a
"Williams, Robert (2012). Uncunwee. [online] The Intercontinental Dictionary Series. Available at: http://lingweb.eva.mpg.de/ids/ [Accessed 9 Jan. 2016].; Yousif Abaker, Yousif Saeed (2011). An Initial Description of Ghulfan Verbal System (A Hill Nubian language). Doctoral dissertation, University of Khartoum.",williams2012a
"Judy, Robert A. (2007). Movima. [online] The Intercontinental Dictionary Series. Available at: http://lingweb.eva.mpg.de/ids/ [Accessed 9 Jan. 2016].; Haude, Katharina (2006). A Grammar of Movima. Nijmegen: Radboud Universiteit. Zetten: Manta.",judy2007a
"Abbi Alfira, D.,  Kuku Kafi, T., Kuwa Kaki, H., Alaliim Hasan, A., Kuku Anjo, A., Kuku Jas, D. & Kafi Sarukh, S. (2013). Caning dictionary.; Abbi Alfira, D.,  Kuku Kafi, T., Kuwa Kaki, H., Alaliim Hasan, A., Kuku Anjo, A., Kuku Jas, D. & Kafi Sarukh, S. (2014). Caning Grammar Book.",abbi2013a
"Wegener, C. (2012). A Grammar of Savosavo. Berlin: De Gruyter.",wegener2012a
"Hantgan, Abbie (2012a). A Grammar of Bangime, Language Isolate. Dogon languages and Bangime project. Unpublished.; Hantgan, Abbie (2012b). Bangime Lexicon. Dogon languages and Bangime project. Unpublished.",hantgan2012a
"Taranov, A. (2012). Georgian vocabulary for English speakers - 9000 words. Hong Kong: T & P Books Publishing.",taranov2012a
"Pensalfini, R. (2011). Jingulu texts and dictionary. Canberra, A.C.T.: Pacific Linguistics, College of Asia and the Pacific, the Australian National University.; Pensalfini, Robert (1997). Jingulu Grammar, Dictionary and Texts. Massachusetts Institute of Technology. Ph.D. dissertation, MIT.",pensalfini2011a
"Aoki, H. (1994). Nez Perce dictionary. Berkeley: University of California Press.",aoki1994a
"Kumar, Pramod (2012). Descriptive and typological study of Jarawa. New Delhi: Jawaharlal Nehru University. (Doctoral dissertation).",kumar2012a
"Harvey, Mark (2002). A grammar of Gaagudju, a language of the Alligator rivers region, Northern Territory. Berlin: Mouton de Gruyter.",harvey2002a
"Mitre, B. (1894). Lenguas Americanas: Estudio bibliográfico-lingüístico de las obras del P. Luís de Valdivia sobre el Araucano y el Allentiak, con un vocabulario razonado del Allentiak. La Plata: Museu de la Plata.; Viegas Barros, J. Pedro (2007). Una propuesta de fonetización y fonemización tentativas de las hablas huarpes, Universidad de Buenos Aires.",mitre1894a
"Kagaya, R. (1993). A classified vocabulary of the Sandawe language. Tokyo: Institute for the Study of Languages and Cultures of Asia and Africa, Tokyo University of Foreign Studies (ILCAA).",kagaya1993a
"Kossmann, Maarten (2009). Tarifiyt Berber vocabulary. [online] In: Haspelmath, Martin & Tadmor, Uri (eds.) The World Loanword Database. Leipzig: Max Planck Institute for Evolutionary Anthropology. Available at: http://wold.clld.org/ [Accessed 18-27 Jan. 2016].",kossmann2009a
"Pitkin, Harvey (1985). Wintu dictionary. Berkeley: Univ. of California Press.; Pitkin, Harvey (1984). Wintu grammar. (University of California Publications in Linguistics, 94.) Berkeley: Berkeley and Los Angeles: University of California Press.",pitkin1985a
"Leslau, Wolf (1959). A dictionary of Moča: (Southwestern Ethiopa). Berkeley: Univ. of Calif. P.",leslau1959a
"Granberry, J. (1993). A grammar and dictionary of the Timucua language. Tuscaloosa, Alabama: University of Alabama Press.",granberry1993a
"Kari, James. (1990). Ahtna Athapaskan Dictionary. Fairbanks: Alaska Native Language Center.",kari1990a
"Foley, William (1991). The Yimas Language of New Guinea. Stanford: Stanford University Press.",foley1991a
"Seelwische, José & Stell, Nélida N. (2007). Nivaclé. [online] The Intercontinental Dictionary Series. Available at: http://lingweb.eva.mpg.de/ids/ [Accessed 9 Jan. 2016].; Fabre, Alain (2014). Estudio gramatical de la lengua Nivacle. Kangasala, Finlandia: Edición provisional.",seelwische2007a
"Olekibo, Bargola & Bryant, Mike (2013). Dadaba Dhugunogiy Surichen ko aranjacan ko golacan (Suri-English-Amharic dictionary). 3rd ed.",olekibo2013a
"Starostin, George (2003). Hadza etymology. Unpublished.",starostin2003b
"Feldman, Harry (1986). A Grammar of Awtuw. (Pacific Linguistics: Series B, 94.) Canberra: Research School of Pacific and Asian Studies, Australian National University.",feldman1986a
"Traill, Anthony (1994). A !Xóõ Dictionary. (Quellen zur Khoisan-Forschung/Research in Khoisan Studies, 9.) Köln: Rüdiger Köppe.",traill1994a
"Löhr, Doris & Wolff, H. Ekkehard (with Ari Awagana) (2009). Kanuri vocabulary. [online] In: Haspelmath, Martin & Tadmor, Uri (eds.) The World Loanword Database. Leipzig: Max Planck Institute for Evolutionary Anthropology. Available at: http://wold.clld.org/ [Accessed 18-27 Jan. 2016].; Jarrett, Kevin (2007). A dictionary of Manga, a Kanuri language of Eastern Niger and NE Nigeria.",loehr2009a
"Weimer, H. & Weimer, N. (1974). Dictionaries of Papua New Guinea. Ukarumpa, P.N.G.: Summer Institute of Linguistics.",weimer1974a
"Evans, N. (1992). Kayardild dictionary and thesaurus. Parkville, Vic., Australia: University of Melbourne, Dept. of Linguistics and Language Studies.",evans1992a
"Brown, H.A. (1968). A dictionary of Toaripi. P. 1, Toaripi-English, P. 2, Toaripi-English, Mer to Vuvuru, and English-Toaripi index. Sydney: University of Sydney",brown1968a
"Ribeiro, Michela Araújo (2008). Dicionário Djeoromitxi-Português: registro da língua do povo Jabuti. Universidade Federal de Rondônia, Guajará-Mirim. (MA thesis).",ribeiro2008a
"de Vries, Lourens J. (2004). A short grammar of Inanwatan: an endangered language of the Bird's head of Papua, Indonesia. (Pacific Linguistics, 560.) Canberra: Research School of Pacific and Asian Studies, Australian National University.",vries2004a
"Frachtenberg, Leo Joachim (1920). Alsea texts and myths. (Bureau of American Ethnology Bulletin, 67.) Washington, D.C.: Smithsonian Institution.",frachtenberg1920a
"Richert, E. L., & Hoopusu, Ttopoqogo (2002). Guhu-Samene Language, Triglot Dictionary. Ukarumpa: SIL",richert2002a
"Hardy, Heather K. & Montler, Timothy (1993). Dictionary of the Alabama Language. Austin: University of Texas Press.",hardy1993a
"Rudolph, B. (1909). Wörterbuch der Botokudensprache. Hamburg: F.W. Thaden.",rudolph1909a
"Sapir, Edward (1990[1909]). The collected works of Edward Sapir. 8, Takelma texts and grammar. Berlin: Mouton de Gruyter",sapir1990a
"Blench, Roger (2007). The language of the Shom Pen: a language isolate in the Nicobar islands. Mother Tongue XII. 179-202.",blench2007a
"Kroeker, Menno H. (1996). Dicionário escolar bilingüe Nambikuara-Português, Português-Nambikuara. Porto Velho: SIL.",kroeker1996a
"Angere, Johannes (1957). Jukagirisch-deutsches Wörterbuch. Stockholm: Almqvist & Wiksell/Geber.; Nikolaeva, Irina & Mayer, Thomas (2004). Online Documentation of Kolyma Yukaghir [online]. http://www.uwgb.edu/oneida/index.html [Accessed 1 Feb. 2016].; Nikolaeva, I. (2006). A historical dictionary of Yukaghir. Berlin: Mouton de Gruyter.",angere1957a
"Gravelle, Gloria (2010). A Grammar of Moskona: An East Bird's Head Language of West Papua, Indonesia. Amsterdam: Vrije Universiteit. (Doctoral dissertation).",gravelle2010a
"Moser, M. & Marlett, S. (2005). Comcáac quih yaza quih hant ihíip hac. Hermosillo: Secretaria de Educación y Cultura.; Moser, M. & Marlett, S. (2007). Seri. [online] The Intercontinental Dictionary Series. Available at: http://lingweb.eva.mpg.de/ids/ [Accessed 9 Jan. 2016].",moser2005a
"Viegas Barros, José P., Casamiquela, Rodolfo M. (2007). Gününa Küne. [online] The Intercontinental Dictionary Series. Available at: http://lingweb.eva.mpg.de/ids/ [Accessed 9 Jan. 2016].; Clairis, Christos (1998). Lingüística fueguina 1997. Actas de las III JLA, Buenos Aires, 20-23 de mayo de 1997. 21-44. Buenos Aires: Actas III JLA: 21-44. Buenos Aires.",barros2007a
"Vilte Vilte, J. & Pérez, C. (2004). Kunza. Chile: Codelco Chile.; Lehnert Santander, Roberto (2007). Kunza. [online] The Intercontinental Dictionary Series. Available at: http://lingweb.eva.mpg.de/ids/ [Accessed 9 Jan. 2016].",vilte2004a
"Terrill, Angela (2003). A grammar of Lavukaleve. Berlin: New York: Mouton de Gruyter",terrill2003a
"Fortune, David L. (1973). Gramática Karajá: Um Estudo Preliminar em Forma Transformacional. Série Lingüística 1. 101-161. Brasília.",fortune1973a
"Tryon, Darrell Trevor (1970). An introduction to Maranungku (northern Australia). Canberra:",tryon1970a
"Peace Corps, Niger (2001). Zarma Dictionary [online]. http://www.bisharat.net/Zarma/ [Accessed 1 Feb. 2016].; Dico Fraters, the Netherlands (2016). Dictionary Zarma - English [online]. http://www.djerma.nl/zarma_en/dictionaries/zarma-english/dico_dje-en_N.html [Accessed 1 Feb. 2016].",corps2001a
"Sharpe, Margaret (2001). Alawa Nanggaya Nindanya Yalanu junggulu =Alawa-Kriol-English dictionary, longer edition. Prospect, SA: Caitlin Press.",sharpe2001a
"Lloyd, Dick & Lloyd, Joy (2013). Baruya-Tok Pisin-English Dictionary. [Manuscript]; Lloyd, J. A. (1992). A Baruya-Tok Pisin-English dictionary. Canberra, A.C.T., Australia: Dept. of Linguistics, Research School of Pacific Studies, the Australian National University",lloyd2013a
"Newman, Stanley (1958). Zuni dictionary. Bloomington.; Walker, Willard (2007). Zuni. [online] The Intercontinental Dictionary Series. Available at: http://lingweb.eva.mpg.de/ids/ [Accessed 9 Jan. 2016].",newman1958a
"Schadeberg, Thilo (2009). Swahili vocabulary. [online] In: Haspelmath, Martin & Tadmor, Uri (eds.) The World Loanword Database. Leipzig: Max Planck Institute for Evolutionary Anthropology. Available at: http://wold.clld.org/ [Accessed 18-27 Jan. 2016].; Verlag AM-CO Publishers (2016). Kamusi = Dictionary, English-Swahili. [online]. Available at: http://www.kiswahili.net/3-reference-works/online-dictionaries/home-english-swahili-dic.html [Accessed 25 Aug. 2016].",schadeberg2009a
"Pride, Leslie G. & Pride, Kitty (2007). Chatino, Zacatepec. [online] The Intercontinental Dictionary Series. Available at: http://lingweb.eva.mpg.de/ids/ [Accessed 9 Jan. 2016].",pride2007a
"Donohue, Mark (1999). Warembori grammar sketch. Sydney: Sydney University Press",donohue1999a
"Schieffelin, Bambi B. & Feld, Steven (1998). Bosavi-English-Tok Pisin dictionary: Bosabi Towo:Liya: Ingilis Towo:Liya: Pisin Towo:Liya: Bugo:. (Pacific Linguistics: Series C, 153.) Canberra: Research School of Pacific and Asian Studies, Australian National University.",schieffelin1998a
"Campbell, John (2007). Haida (Northern). [online] The Intercontinental Dictionary Series. Available at: http://lingweb.eva.mpg.de/ids/ [Accessed 9 Jan. 2016].; Lachler, Jordan (2010). Dictionary of Alaskan Haida. Juneau: Sealaska Heritage Institute.",campbell2007a
"Nora Bacelar, Laércio (2004). Gramática da língua Kanoê. Katholieke Universiteit Nijmegen. Nijmegen: Univ. (Ph.D. thesis).",bacelar2004a
"Michael, Lev, Beier, Christine, Acosta, Karina Sullón, Farmer, Stephanie, Finley, Greg & Roswell, Michael. (2009). Dekyunáwa: Un diccionario de nuestro idioma muniche.; Gibson, Michael Luke (1996). El Munichi: Un idioma que se extingue. (Serie Lingüística Peruana, 42.) Pucallpa: Instituto Lingüístico de Verano.",michael2009a
"Ortiz, N. (2008). Vocabulario taushiro. Lima: Instituto Lingüístico de Verano",ortiz2008a
"Buckwalter, Albert S. & Ruiz, Roberto (2007). Mocoví. [online] The Intercontinental Dictionary Series. Available at: http://lingweb.eva.mpg.de/ids/ [Accessed 9 Jan. 2016].; Grondona, Verónica M. (1998). A Grammar of Mocovi. University of Pittsburgh. Ann Arbor: UMI.",buckwalter2007a
"Heath, Jeffrey (2007). Walo (Dogon) - English - French Dictionary.; Heath, Jeffrey (2014). A Grammar of Bankan Tey, Dogon of Walo.",heath2007a
"Simon, I. M. (1993). Aka language guide. Itanagar: Government of Arunachal Pradesh.",simon1993a
"MacLean, E. (1981). Iñupiallu tanniḷḷu uqalunisa iḷanich = Abridged Iñupiaq and English Dictionary. Fairbanks, Alaska: Alaska Native Language Center, University of Alaska.",maclean1981a
"Santa Ynez Band of Chumash Indians in collaboration with Richard B. Applegate, Ph.D. and the Santa Ynez Chumash Education Committee (2008). Samala-English Dictionary. A Guide to the Samala Language of the Ineseño Chumash People. Santa Ynez Band of Chumash Indians.",richard2008a
"Li, Fengxiang & Whaley, Lindsay J. (2009). Oroqen vocabulary. [online] In: Haspelmath, Martin & Tadmor, Uri (eds.) The World Loanword Database. Leipzig: Max Planck Institute for Evolutionary Anthropology. Available at: http://wold.clld.org/ [Accessed 18-27 Jan. 2016].; Zhang, Xi (1996). Vowel systems of the Manchu-Tungus languages of China. Toronto Working Papers in Linguistics.",li2009a
"Nonato, Rafael Bezerra (2008). Ainore Boe egore: um estudo descritivo da língua bororo. Universidade Estadual de Campinas. 360pp. (MA thesis).",nonato2008a
"Fernández Garay, Ana V., Catrileo, María & Ritchie Key, Mary (2007). Mapudungun. [online] The Intercontinental Dictionary Series. Available at: http://lingweb.eva.mpg.de/ids/ [Accessed 9 Jan. 2016].; Hernández Sallés, Arturo & Ramos Pizarro, Nelly (2004). [online] Diccionario Abreviado Mapudungun – Español – Inglés / Español – Mapudungun. Available at: http://www.uctemuco.cl/diccionario/ [Accessed 2 Mar. 2016].; Smeets, Ineke (2008). A grammar of Mapuche. (Mouton Grammar Library, 41.) Berlin: Mouton de Gruyter.",garay2007a
"Turner, Katherine (1987). Aspects of Salinan Grammar. Berkeley: University of California. Ann Arbor: UMI. (Doctoral dissertation).",turner1987a
